title,year,summary,source_url
The Emu War,1932,Australia deployed soldiers with machine guns against roughly 20000 emus and effectively lost.,https://en.wikipedia.org/wiki/Emu_War
War of the Oaken Bucket,1325,Modena and Bologna went to war over a stolen wooden bucket; thousands died and Modena kept the bucket.,https://en.wikipedia.org/wiki/War_of_the_Bucket
The Cadaver Synod,897,Pope Stephen VI exhumed his predecessor's corpse and put it on trial in full papal vestments.,https://en.wikipedia.org/wiki/Cadaver_Synod
Great Molasses Flood,1919,A storage tank burst in Boston sending a wave of molasses through the streets at high speed.,https://en.wikipedia.org/wiki/Great_Molasses_Flood
Defenestrations of Prague,1618,Officials were thrown out of a castle window and survived by landing in a heap of manure.,https://en.wikipedia.org/wiki/Defenestrations_of_Prague
War of Jenkins' Ear,1739,A war between Britain and Spain nominally triggered by a severed ear presented to Parliament.,https://en.wikipedia.org/wiki/War_of_Jenkins%27_Ear
The Dancing Plague of 1518,1518,Hundreds of people in Strasbourg danced uncontrollably for weeks and some reportedly died of exhaustion.,https://en.wikipedia.org/wiki/Dancing_plague_of_1518
The Kettle War,1784,A conflict between Austria and the Dutch Republic in which the only casualty was a soup kettle.,https://en.wikipedia.org/wiki/Kettle_War
The Pastry War,1838,France invaded Mexico partly over a French pastry chef's damaged shop and unpaid compensation claim.,https://en.wikipedia.org/wiki/Pastry_War
Medieval animal trials,1522,European courts formally prosecuted animals including rats and pigs with defence lawyers appointed.,https://en.wikipedia.org/wiki/Animal_trial
The Great Stork Derby,1926,A Toronto lawyer's will left his fortune to whichever woman bore the most children in ten years.,https://en.wikipedia.org/wiki/Great_Stork_Derby
The Berners Street Hoax,1810,Theodore Hook won a bet by having thousands of tradesmen and dignitaries converge on one London address.,https://en.wikipedia.org/wiki/Berners_Street_hoax
Tulip Mania,1637,Dutch speculators drove single tulip bulb prices above the cost of a house before the market collapsed.,https://en.wikipedia.org/wiki/Tulip_mania
The London Beer Flood,1814,A vat ruptured at a brewery releasing an enormous wave of porter into surrounding streets.,https://en.wikipedia.org/wiki/London_Beer_Flood
Operation Acoustic Kitty,1967,The CIA surgically implanted listening equipment in a cat to spy on Soviet officials.,https://en.wikipedia.org/wiki/Acoustic_Kitty
The Bat Bomb,1942,The US developed a plan to attach incendiary devices to bats and release them over Japan.,https://en.wikipedia.org/wiki/Bat_bomb
Project Habakkuk,1942,Britain seriously pursued building an aircraft carrier out of reinforced ice.,https://en.wikipedia.org/wiki/Project_Habakkuk
The Tanganyika laughter epidemic,1962,A contagious outbreak of laughter closed schools and spread across villages for months.,https://en.wikipedia.org/wiki/Tanganyika_laughter_epidemic
Wojtek the soldier bear,1942,A bear was formally enlisted in the Polish army and carried ammunition at Monte Cassino.,https://en.wikipedia.org/wiki/Wojtek_(bear)
The Great Chicago Fire cow myth,1871,A cow was blamed for starting a catastrophic fire on evidence a reporter later admitted inventing.,https://en.wikipedia.org/wiki/Great_Chicago_Fire
Isaac Newton and the South Sea Bubble,1720,The greatest scientific mind of the age lost a fortune speculating and said he could not calculate human madness.,https://en.wikipedia.org/wiki/South_Sea_Company
The Pig War,1859,Britain and America came to the brink of war over the shooting of a single pig on San Juan Island.,https://en.wikipedia.org/wiki/Pig_War
Hannibal's vinegar rocks,218,Ancient accounts claim Hannibal split Alpine boulders by heating them and dousing them in vinegar.,https://en.wikipedia.org/wiki/Hannibal
The Anglo-Zanzibar War,1896,The shortest war in recorded history lasted approximately 38 minutes.,https://en.wikipedia.org/wiki/Anglo-Zanzibar_War
Caligula's war on Neptune,40,The emperor reportedly ordered his troops to attack the sea and collect seashells as spoils.,https://en.wikipedia.org/wiki/Caligula
Poon Lim's survival raft,1942,A steward survived 133 days alone on a raft and the Royal Navy said it was a record he hoped no one would break.,https://en.wikipedia.org/wiki/Poon_Lim
Peter the Great's beard tax,1698,Peter the Great taxed beards and issued tokens proving the bearer had paid to keep his.,https://en.wikipedia.org/wiki/Beard_tax
The Radium Craze,1920,Radioactive material was marketed in toothpaste water and suppositories as a health tonic.,https://en.wikipedia.org/wiki/Radioactive_quackery
Goat testicle transplants,1918,John Brinkley built a fortune implanting goat glands in men and nearly won a governorship.,https://en.wikipedia.org/wiki/John_R._Brinkley
The Cottingley Fairies,1917,Two girls fooled Arthur Conan Doyle with cardboard fairy cutouts photographed in a garden.,https://en.wikipedia.org/wiki/Cottingley_Fairies
The Turk chess automaton,1770,A chess-playing machine astonished Europe for decades while concealing a human operator inside.,https://en.wikipedia.org/wiki/Mechanical_Turk
Phineas Gage's iron bar,1848,A railway worker survived an iron rod passing through his skull and walked away talking.,https://en.wikipedia.org/wiki/Phineas_Gage
The Boston Molasses trial,1920,The subsequent court case ran for years and helped establish modern engineering liability standards.,https://en.wikipedia.org/wiki/Great_Molasses_Flood
Tycho Brahe's prosthetic nose,1566,The astronomer lost part of his nose in a duel over a mathematics disagreement and wore a metal replacement.,https://en.wikipedia.org/wiki/Tycho_Brahe
The Great Sparrow Campaign,1958,China ordered the extermination of sparrows which caused locust swarms and contributed to famine.,https://en.wikipedia.org/wiki/Four_Pests_campaign
Cane toads in Australia,1935,Toads introduced to eat beetles ignored the beetles entirely and became a worse plague themselves.,https://en.wikipedia.org/wiki/Cane_toads_in_Australia
The Halifax Gibbet and Yorkshire law,1650,Local custom permitted execution for theft above a set value leading to precise haggling over prices.,https://en.wikipedia.org/wiki/Halifax_Gibbet
Nikola Tesla's pigeon,1920,The inventor declared he was genuinely in love with a specific white pigeon.,https://en.wikipedia.org/wiki/Nikola_Tesla
The Voynich Manuscript,1420,A book nobody has ever been able to read has consumed the careers of expert cryptographers.,https://en.wikipedia.org/wiki/Voynich_manuscript
The Diet of Worms,1521,A pivotal moment of the Reformation was held at an assembly whose name reliably amuses English speakers.,https://en.wikipedia.org/wiki/Diet_of_Worms
Lord Byron's pet bear,1805,Told he could not keep a dog at Cambridge Byron enrolled a tame bear instead as no rule forbade it.,https://en.wikipedia.org/wiki/Lord_Byron
The Molasses Act smuggling,1733,A tax so widely ignored that smuggling became the respectable default across the colonies.,https://en.wikipedia.org/wiki/Molasses_Act
Sweden's Vasa warship,1628,A magnificent warship sank about 1300 metres into its maiden voyage because it was too top-heavy.,https://en.wikipedia.org/wiki/Vasa_(ship)
The Tay Bridge disaster poem,1879,William McGonagall commemorated a tragedy in verse so bad it is still celebrated as the worst poetry ever written.,https://en.wikipedia.org/wiki/William_McGonagall
Pope Gregory and the missing days,1582,The calendar reform deleted ten days causing riots by people who believed their lives had been shortened.,https://en.wikipedia.org/wiki/Gregorian_calendar
The Astor Place Riot,1849,A deadly riot in New York was triggered by a dispute over which actor performed Shakespeare better.,https://en.wikipedia.org/wiki/Astor_Place_Riot
The Straw Hat Riot,1922,New Yorkers rioted for days over the social rule that straw hats must not be worn after mid-September.,https://en.wikipedia.org/wiki/Straw_Hat_Riot
The Battle of Karansebes,1788,An Austrian army reportedly attacked itself in confusion after a dispute over alcohol.,https://en.wikipedia.org/wiki/Battle_of_Karansebes
Vlad and the Ottoman envoys,1459,Envoys who refused to remove their hats were reportedly given a permanent solution to the problem.,https://en.wikipedia.org/wiki/Vlad_the_Impaler
The Great Fire of London bakery,1666,A fire that destroyed most of the city began in a bakery on a street called Pudding Lane.,https://en.wikipedia.org/wiki/Great_Fire_of_London
The Whisky Rebellion,1794,A tax on spirits provoked an armed uprising that a president personally rode out to suppress.,https://en.wikipedia.org/wiki/Whiskey_Rebellion
Emperor Norton of the United States,1859,A bankrupt San Francisco businessman declared himself Emperor and the city humoured him for decades.,https://en.wikipedia.org/wiki/Emperor_Norton
The Cardiff Giant,1869,A fake stone giant fooled thousands and its rival fake outdrew the original.,https://en.wikipedia.org/wiki/Cardiff_Giant
Charles Waterton's practical jokes,1820,A naturalist greeted guests by biting their ankles from under the dinner table.,https://en.wikipedia.org/wiki/Charles_Waterton
The Great Exhibition sparrow problem,1851,Sparrows infested the Crystal Palace and the solution proposed to the Queen was sparrowhawks.,https://en.wikipedia.org/wiki/The_Great_Exhibition
Napoleon and the rabbits,1807,A rabbit hunt arranged for Napoleon went wrong when the tame rabbits charged the emperor instead.,https://en.wikipedia.org/wiki/Napoleon
The Ministry of Silly Postal Rules,1840,Before prepaid stamps recipients paid for letters leading to elaborate coded envelope scams.,https://en.wikipedia.org/wiki/Penny_Black
Robert Liston's 300 percent mortality operation,1847,A famously fast surgeon reportedly killed the patient an assistant and a spectator in one procedure.,https://en.wikipedia.org/wiki/Robert_Liston
The Great Boston Fire horse flu,1872,An epidemic among horses paralysed transport and revealed how dependent cities were on animals.,https://en.wikipedia.org/wiki/Great_Boston_fire_of_1872
Mary Toft's rabbit births,1726,A woman convinced prominent English doctors that she was giving birth to rabbits.,https://en.wikipedia.org/wiki/Mary_Toft
The Sausage Duel,1865,Rudolf Virchow reportedly proposed a duel with pork sausages one infected with parasites.,https://en.wikipedia.org/wiki/Rudolf_Virchow
Kellogg and corn flakes,1894,Cereal was invented partly as an anti-stimulant intended to discourage certain private habits.,https://en.wikipedia.org/wiki/John_Harvey_Kellogg
The Dreadnought Hoax,1910,Virginia Woolf and friends in disguise were given a state tour of a Royal Navy battleship.,https://en.wikipedia.org/wiki/Dreadnought_hoax
The Man in the Iron Mask speculation,1703,A masked prisoner generated three centuries of increasingly elaborate theories about his identity.,https://en.wikipedia.org/wiki/Man_in_the_Iron_Mask
Pope Formosus and the trial verdict,897,The corpse on trial was found guilty and had its fingers removed before being thrown in the Tiber.,https://en.wikipedia.org/wiki/Pope_Formosus
The Chevalier d'Eon,1770,A French diplomat and spy lived openly in two genders and London bookmakers took bets on the question.,https://en.wikipedia.org/wiki/Chevalier_d%27%C3%89on
Timothy Dexter's coals to Newcastle,1790,An eccentric merchant shipped absurd goods to absurd places by accident and got rich anyway.,https://en.wikipedia.org/wiki/Timothy_Dexter
The Bone Wars,1877,Two palaeontologists sabotaged each other so viciously they dynamited fossil sites out of spite.,https://en.wikipedia.org/wiki/Bone_Wars
Ignaz Semmelweis and handwashing,1847,A doctor who proved handwashing saved lives was ridiculed by colleagues and died in an asylum.,https://en.wikipedia.org/wiki/Ignaz_Semmelweis
The Tsar's useless railway line,1842,Legend holds a ruler drew a railway route with a ruler including a detour around his own finger.,https://en.wikipedia.org/wiki/Moscow%E2%80%93Saint_Petersburg_Railway
The Bermondsey Horse Meat panic,1889,Victorian food adulteration scandals involved chalk in bread and lead in sweets.,https://en.wikipedia.org/wiki/Food_adulteration
Lady Mary Montagu and inoculation,1721,Smallpox inoculation was promoted in Britain only after being tested on condemned prisoners.,https://en.wikipedia.org/wiki/Lady_Mary_Wortley_Montagu
The Ig Nobel Prize founding,1991,An annual prize honours research that makes people laugh and then think.,https://en.wikipedia.org/wiki/Ig_Nobel_Prize
Pitch drop experiment,1927,An experiment so slow that the man watching it died before ever seeing a drop fall.,https://en.wikipedia.org/wiki/Pitch_drop_experiment
The Bald Knobbers,1885,A vigilante group in the Ozarks wore extremely alarming homemade horned masks.,https://en.wikipedia.org/wiki/Bald_Knobbers
Nicolas Chauvin and chauvinism,1815,A possibly fictional soldier's excessive patriotism gave the world a word still in daily use.,https://en.wikipedia.org/wiki/Nicolas_Chauvin
The Streetlight Riots of Pall Mall,1807,Early gas lighting terrified Londoners who feared the pipes would explode beneath their feet.,https://en.wikipedia.org/wiki/Gas_lighting
Boston's Great Brinks Robbery planning,1950,Robbers spent years rehearsing a heist and were caught days before the statute of limitations expired.,https://en.wikipedia.org/wiki/Great_Brink%27s_Robbery
The Wright Brothers' patent war,1906,The inventors of flight spent their most productive years suing people instead of flying.,https://en.wikipedia.org/wiki/Wright_brothers_patent_war
Charles VI the Glass King,1392,A French king suffered a delusion that he was made of glass and might shatter.,https://en.wikipedia.org/wiki/Charles_VI_of_France
The Great Horse Manure Crisis,1894,Victorian cities predicted they would drown in manure and the problem solved itself entirely.,https://en.wikipedia.org/wiki/Great_horse_manure_crisis_of_1894
The Chinese Emperor's rain arrest,1370,Officials in some periods were formally punished for failures of weather.,https://en.wikipedia.org/wiki/Mandate_of_Heaven
The Erfurt Latrine Disaster,1184,A floor collapsed at a royal assembly dropping nobles into the cesspit below.,https://en.wikipedia.org/wiki/Erfurt_latrine_disaster
Alexander the Great's Gordian solution,333,Faced with an unsolvable knot the answer chosen was simply to cut it with a sword.,https://en.wikipedia.org/wiki/Gordian_Knot
The Roman fish sauce industry,100,Romans built an empire-wide trade in a condiment made from fermented fish intestines.,https://en.wikipedia.org/wiki/Garum
The Speaker's dragging tradition,1660,New Speakers of the Commons are still ceremonially dragged to the chair reflecting a lethal job history.,https://en.wikipedia.org/wiki/Speaker_of_the_House_of_Commons_(United_Kingdom)
Black Rod's slammed door,1642,Parliament ceremonially slams a door in the monarch's messenger's face every single year.,https://en.wikipedia.org/wiki/Black_Rod
The Sausage Rebellion of Zurich,1522,The Reformation in Zurich was sparked partly by people defiantly eating sausages during Lent.,https://en.wikipedia.org/wiki/Affair_of_the_Sausages
Trial by ordeal of the cursed morsel,1000,Accused clergy proved innocence by attempting to swallow dry bread without choking.,https://en.wikipedia.org/wiki/Trial_by_ordeal
The Corpse Roads of England,1400,Medieval law required burial at specific churches creating long formal routes for carrying bodies.,https://en.wikipedia.org/wiki/Corpse_road
Elizabethan sumptuary laws,1574,Laws dictated precisely who could wear which colours and fabrics by social rank.,https://en.wikipedia.org/wiki/Sumptuary_law
The Window Tax,1696,A tax on windows led people to brick up their windows creating permanently dark houses.,https://en.wikipedia.org/wiki/Window_tax
The Hat Tax and its forgeries,1784,Britain taxed hats and criminals promptly began forging hat tax revenue stamps.,https://en.wikipedia.org/wiki/Hat_tax
The Wig Powder Tax,1795,A tax on hair powder effectively killed the fashion for powdered wigs overnight.,https://en.wikipedia.org/wiki/Duty_on_Hair_Powder_Act_1795
The Brick Tax loophole,1784,Taxing bricks by number led builders to simply make enormous bricks.,https://en.wikipedia.org/wiki/Brick_tax
Ship money and the constitutional crisis,1634,A tax for a navy on inland towns helped precipitate a civil war.,https://en.wikipedia.org/wiki/Ship_money
The Lord Mayor's coach and the Thames,1757,Ceremonial London processions were repeatedly disrupted by farcical logistical failures.,https://en.wikipedia.org/wiki/Lord_Mayor%27s_Show
The Peasants' Revolt poll tax,1381,A deeply unpopular head tax triggered a national uprising and the burning of legal records.,https://en.wikipedia.org/wiki/Peasants%27_Revolt
The Rebecca Riots,1839,Welsh protesters dressed as women to destroy tollgates in an organised campaign.,https://en.wikipedia.org/wiki/Rebecca_Riots
The Swing Riots letters,1830,Agricultural protesters signed threatening letters with a fictional captain's name.,https://en.wikipedia.org/wiki/Swing_Riots
The Great Stink,1858,Parliament only funded London's sewers when the smell of the Thames became unbearable inside Westminster.,https://en.wikipedia.org/wiki/Great_Stink
The Tichborne Claimant,1866,A butcher from Wagga Wagga convinced many that he was a missing English aristocrat.,https://en.wikipedia.org/wiki/Tichborne_case
Spring-heeled Jack panic,1837,Victorian London was gripped by reports of a leaping figure that no one could ever catch.,https://en.wikipedia.org/wiki/Spring-heeled_Jack
The Piltdown Man forgery,1912,A fake fossil fooled British science for forty years partly because it flattered national pride.,https://en.wikipedia.org/wiki/Piltdown_Man
The Coal Hole and Judge and Jury Society,1841,Victorian Londoners staged mock trials as public entertainment in taverns.,https://en.wikipedia.org/wiki/Renton_Nicholson
